{"val/avg_format_reward":0.792,"_wandb":{"runtime":291},"train/loss":26.807659149169922,"train/avg_entropy":0.35798436403274536,"_timestamp":1.7726745107479234e+09,"_runtime":291.206584269,"_step":88,"val/avg_reward":0.21}