{"val/avg_reward":0.476,"val/avg_format_reward":0.934,"_wandb":{"runtime":3567},"_timestamp":1.7726804430997298e+09,"_runtime":3567.264692922,"_step":749,"train/loss":0.2851918445016985,"train/avg_entropy":0.2870010672970988}